"","Average telson Length","Median Telson Length","Telson Length SD","Average Wet Weight","Median Wet Weight","Wet Weight SD"
"AMB",2.89024242424242,2.91,0.333963979186288,0.0310151515151515,0.0316,0.00931276413088916
"CHG",2.72723404255319,2.75,0.358097036446217,0.0299531914893617,0.0282,0.010177187855024
"CUR",2.76816901408451,2.75,0.388459631508695,0.0307154929577465,0.0298,0.0103678162446145
"TMP",2.71697674418605,2.7,0.293870192300071,0.0314906976744186,0.0292,0.00930718652065341
